{
  "condition_mask_error_examples": [],
  "condition_root": "/public/home/yanhongru/ICLR2027/Reflex/experiments/world_model_task_rebinding/cosmos3/full_episode_wam_conditions_fix3_v7_733_rgb_300step_20260612_0245",
  "future_chunk_teacher_abs_action_7d_by_mode": {
    "insert_resume": {
      "max": 0.445149689912796,
      "min": 0.15389050543308258,
      "n": 140,
      "p25": 0.19481593370437622,
      "p50": 0.22519272565841675,
      "p75": 0.3175259605050087,
      "p90": 0.4022404462099075
    },
    "peg_recovery": {
      "max": 0.42184850573539734,
      "min": 0.14664776623249054,
      "n": 269,
      "p25": 0.16149365901947021,
      "p50": 0.17378032207489014,
      "p75": 0.19213292002677917,
      "p90": 0.20455840528011324
    },
    "static_monitor": {
      "max": 0.356476366519928,
      "min": 0.14636646211147308,
      "n": 397,
      "p25": 0.16181005537509918,
      "p50": 0.18049690127372742,
      "p75": 0.24293263256549835,
      "p90": 0.2831446468830109
    },
    "target_motion_observed": {
      "max": 0.279348760843277,
      "min": 0.14751958847045898,
      "n": 695,
      "p25": 0.16558270156383514,
      "p50": 0.17424042522907257,
      "p75": 0.18370059877634048,
      "p90": 0.19452131986618043
    },
    "target_post_motion": {
      "max": 0.4209275245666504,
      "min": 0.12981845438480377,
      "n": 597,
      "p25": 0.16682851314544678,
      "p50": 0.18230442702770233,
      "p75": 0.19874712824821472,
      "p90": 0.20822743475437164
    },
    "target_pre_motion": {
      "max": 0.35442307591438293,
      "min": 0.15593501925468445,
      "n": 801,
      "p25": 0.2179051786661148,
      "p50": 0.24901652336120605,
      "p75": 0.275800883769989,
      "p90": 0.2961117923259735
    }
  },
  "future_chunk_teacher_abs_action_7d_by_role": {
    "insert_resume": {
      "max": 0.32216256856918335,
      "min": 0.14751958847045898,
      "n": 733,
      "p25": 0.1691417247056961,
      "p50": 0.18814463913440704,
      "p75": 0.2295989692211151,
      "p90": 0.27434787154197693
    },
    "peg_recovery": {
      "max": 0.42184850573539734,
      "min": 0.15621185302734375,
      "n": 127,
      "p25": 0.17636051028966904,
      "p50": 0.19006027281284332,
      "p75": 0.1994214728474617,
      "p90": 0.21516366600990297
    },
    "static_late_monitor": {
      "max": 0.36139386892318726,
      "min": 0.1503612995147705,
      "n": 160,
      "p25": 0.1645200103521347,
      "p50": 0.19760236889123917,
      "p75": 0.22143090516328812,
      "p90": 0.2678003996610641
    },
    "static_monitor": {
      "max": 0.356476366519928,
      "min": 0.14636646211147308,
      "n": 160,
      "p25": 0.16991164535284042,
      "p50": 0.21985505521297455,
      "p75": 0.26806680858135223,
      "p90": 0.2923649549484253
    },
    "target_motion_observed": {
      "max": 0.279348760843277,
      "min": 0.1481403261423111,
      "n": 573,
      "p25": 0.1633806973695755,
      "p50": 0.1712643802165985,
      "p75": 0.17974410951137543,
      "p90": 0.18844501078128817
    },
    "target_post_motion": {
      "max": 0.445149689912796,
      "min": 0.12981845438480377,
      "n": 573,
      "p25": 0.16639049351215363,
      "p50": 0.18559381365776062,
      "p75": 0.20274965465068817,
      "p90": 0.2167311251163483
    },
    "target_pre_motion": {
      "max": 0.35442307591438293,
      "min": 0.16577093303203583,
      "n": 573,
      "p25": 0.22259867191314697,
      "p50": 0.2525448203086853,
      "p75": 0.27800679206848145,
      "p90": 0.30024220347404484
    }
  },
  "interpretation": {
    "condition_mask_errors": "For joint-policy history-action rows, conditioned action indexes should be exactly range(prefix_frame_index); any examples here need code review before SFT.",
    "late_rebind_candidate": "Rows where target motion has been observed, peg is grasped, insertion is not done, and peg-head-to-hole error is outside a small local band. These rows are the closest existing source-distribution proxy for the failed live recovery state.",
    "role_mode_mismatch": "High mismatch means conditioning text uses an intended sampled role that often differs from the current physical mode seen by the live receding controller."
  },
  "late_rebind_candidate_count_by_role": {
    "insert_resume": 336,
    "target_motion_observed": 548,
    "target_post_motion": 403
  },
  "late_rebind_candidate_total": 1287,
  "mismatch_examples": [
    {
      "mode": "target_pre_motion",
      "peg_head_at_hole_xyz": [
        -0.1602235734462738,
        0.03547403961420059,
        -0.013770170509815216
      ],
      "prefix_frame_index": 105,
      "prefix_role": "insert_resume",
      "scenario": "hole_late_move_stop",
      "split": "train",
      "target_motion_observed": false,
      "uuid": "hole_late_move_stop_seed1080087_idx1760.fix3_traj_0__insert_resume_f105"
    },
    {
      "mode": "target_motion_observed",
      "peg_head_at_hole_xyz": [
        -0.18131257593631744,
        0.01705341786146164,
        -0.010678909718990326
      ],
      "prefix_frame_index": 92,
      "prefix_role": "insert_resume",
      "scenario": "hole_late_move_stop",
      "split": "train",
      "target_motion_observed": true,
      "uuid": "hole_late_move_stop_seed1080097_idx1761.fix3_traj_0__insert_resume_f092"
    },
    {
      "mode": "target_motion_observed",
      "peg_head_at_hole_xyz": [
        -0.175340473651886,
        -0.030005361884832382,
        -0.004980690777301788
      ],
      "prefix_frame_index": 98,
      "prefix_role": "insert_resume",
      "scenario": "hole_late_move_stop",
      "split": "train",
      "target_motion_observed": true,
      "uuid": "hole_late_move_stop_seed1080101_idx1762.fix3_traj_0__insert_resume_f098"
    },
    {
      "mode": "target_pre_motion",
      "peg_head_at_hole_xyz": [
        -0.13844893872737885,
        0.024476349353790283,
        -0.00954321026802063
      ],
      "prefix_frame_index": 107,
      "prefix_role": "insert_resume",
      "scenario": "hole_late_move_stop",
      "split": "train",
      "target_motion_observed": false,
      "uuid": "hole_late_move_stop_seed3280224_idx2511.fix3_traj_0__insert_resume_f107"
    },
    {
      "mode": "target_pre_motion",
      "peg_head_at_hole_xyz": [
        -0.15379686653614044,
        -0.04449029266834259,
        -0.013265330344438553
      ],
      "prefix_frame_index": 99,
      "prefix_role": "insert_resume",
      "scenario": "hole_late_move_stop",
      "split": "train",
      "target_motion_observed": false,
      "uuid": "hole_late_move_stop_seed3280640_idx2517.fix3_traj_0__insert_resume_f099"
    },
    {
      "mode": "target_motion_observed",
      "peg_head_at_hole_xyz": [
        -0.13707096874713898,
        0.024219363927841187,
        -0.01969849318265915
      ],
      "prefix_frame_index": 103,
      "prefix_role": "insert_resume",
      "scenario": "hole_late_move_stop",
      "split": "train",
      "target_motion_observed": true,
      "uuid": "hole_late_move_stop_seed3280852_idx2522.fix3_traj_0__insert_resume_f103"
    },
    {
      "mode": "target_motion_observed",
      "peg_head_at_hole_xyz": [
        -0.16524608433246613,
        0.035350002348423004,
        -0.0025155991315841675
      ],
      "prefix_frame_index": 90,
      "prefix_role": "insert_resume",
      "scenario": "hole_late_move_stop",
      "split": "train",
      "target_motion_observed": true,
      "uuid": "hole_late_move_stop_seed3280926_idx2525.fix3_traj_0__insert_resume_f090"
    },
    {
      "mode": "target_motion_observed",
      "peg_head_at_hole_xyz": [
        -0.09916236996650696,
        -0.012662995606660843,
        -0.005506798624992371
      ],
      "prefix_frame_index": 90,
      "prefix_role": "insert_resume",
      "scenario": "hole_late_move_stop",
      "split": "train",
      "target_motion_observed": true,
      "uuid": "hole_late_move_stop_seed1080093_idx1255.fix3_traj_0__insert_resume_f090"
    }
  ],